region,code,institution
East of England,AND01,Baddow Hospital
East of England,AVQ03,One Hatfield Hospital
East of England,DE8,Elysium Healthcare
East of England,DE810,Chadwick Lodge
East of England,DE816,Potters Bar
East of England,NAX,East Coast Community Healthcare C.I.C
East of England,NLN,Jeesal Akman Care Corporation Ltd
East of England,NMJ0N,Yew Trees
East of England,NMJ0U,Thors Park
East of England,NMJ11,Cygnet Hospital Stevenage
East of England,NMJ44,Cygnet Hospital Colchester
East of England,NQ1,Anglian Community Enterprise Community Interest Company (Ace C.I.C.)
East of England,NQA,Provide
East of England,NT204,"Nuffield Health, Brentwood Hospital"
East of England,NT209,"Nuffield Health, Cambridge Hospital"
East of England,NT222,"Nuffield Health, Ipswich Hospital"
East of England,NT313,Spire Wellesley Hospital
East of England,NT315,Spire Bushey Hospital
East of England,NT316,Spire Harpenden Hospital
East of England,NT317,Spire Cambridge Lea Hospital
East of England,NT318,Spire Norwich Hospital
East of England,NT319,Spire Hartswood Hospital
East of England,NT423,BMI - The Manor Hospital
East of England,NT432,BMI - The Sandringham Hospital
East of England,NT434,BMI - The Saxon Clinic
East of England,NT446,BMI St Edmunds Hospital
East of England,NT490,BMI Southend Private Hospital
East of England,NVC06,Fitzwilliam Hospital
East of England,NVC13,Oaks Hospital
East of England,NVC15,Pinehill Hospital
East of England,NVC18,Springfield Hospital
East of England,NVC19,Rivers Hospital
East of England,NVC31,Blakelands Hospital
East of England,NYA02,St Andrew's Healthcare - Essex
East of England,NYW01,Aspen - The Holly
East of England,R1L,Essex Partnership University NHS Foundation Trust
East of England,RAJ,Mid And South Essex NHS Foundation Trust
East of England,RC9,Bedfordshire Hospitals NHS Foundation Trust
East of England,RCX,"The Queen Elizabeth Hospital, King's Lynn, NHS Foundation Trust"
East of England,RD8,Milton Keynes University Hospital NHS Foundation Trust
East of England,RDE,East Suffolk And North Essex NHS Foundation Trust
East of England,RGM,Royal Papworth Hospital NHS Foundation Trust
East of England,RGN,North West Anglia NHS Foundation Trust
East of England,RGP,James Paget University Hospitals NHS Foundation Trust
East of England,RGR,West Suffolk NHS Foundation Trust
East of England,RGT,Cambridge University Hospitals NHS Foundation Trust
East of England,RM1,Norfolk And Norwich University Hospitals NHS Foundation Trust
East of England,RMY,Norfolk And Suffolk NHS Foundation Trust
East of England,RQW,The Princess Alexandra Hospital NHS Trust
East of England,RT1,Cambridgeshire And Peterborough NHS Foundation Trust
East of England,RWG,West Hertfordshire Hospitals NHS Trust
East of England,RWH,East And North Hertfordshire NHS Trust
East of England,RWR,Hertfordshire Partnership University NHS Foundation Trust
East of England,RY3,Norfolk Community Health And Care NHS Trust
East of England,RY4,Hertfordshire Community NHS Trust
East of England,RYV,Cambridgeshire Community Services NHS Trust
London,8A580,Ellern Mede Centre For Eating Disorders
London,8A718,London Clinic
London,8HE28,Harley Street On 15
London,8JC73,Ellern Mede Ridgeway
London,ACP01,Fortius Clinic
London,AHR01,King Edward VII's Hospital Sister Agnes
London,AX001,The New Victoria Hospital
London,DE804,Bromley Road
London,DLY01,Schoen Clinic London (Wigmore Street)
London,DM801,Weymouth Street Hospital
London,NMJ04,Cygnet Hospital Beckton
London,NMJ05,Cygnet Wing Blackheath
London,NMJ08,Cygnet Hospital Ealing
London,NMJ0D,Bostall House
London,NMJ10,Cygnet Hospital Harrow
London,NMJ13,Cygnet Lodge Lewisham
London,NMJ14,Cygnet Lodge Kenton
London,NMJ91,Cygnet Churchill
London,NMM01,Hospital Of St John And St Elizabeth (Grove End Road)
London,NNV,Your Healthcare
London,NQV,Bromley Healthcare
London,NT314,Spire London East
London,NT3X3,Spire St Anthony's Hospital
London,NT405,BMI - Bishops Wood
London,NT406,BMI - The Blackheath Hospital
London,NT409,BMI - Chelsfield Park Hospital
London,NT411,BMI - The Clementine Churchill Hospital
London,NT416,BMI - Hendon Hospital
London,NT421,BMI - The Kings Oak Hospital
London,NT422,BMI - The London Independent Hospital
London,NT436,BMI - Shirley Oaks Hospital
London,NT437,BMI - The Sloane Hospital
London,NT451,BMI The Cavell Hospital
London,NTP15,North East London Treatment Centre Care Uk
London,NV7R1,Bupa Cromwell Hospital
London,NVC0M,West Valley Hospital
London,NW601,The Princess Grace Hospital
London,NW602,The Wellington Hospital
London,NW603,Lister Hospital
London,NW604,The Portland Hospital For Women & Children
London,NW605,London Bridge Hospital
London,NW608,The Harley Street Clinic (Weymouth St)
London,NW614,Leaders On Oncology (LOC)
London,NYW02,Aspen - Parkside Hospital
London,NYW03,Aspen - Highgate Hospital
London,NYW0C,The Cancer Centre London
London,R1H,Barts Health NHS Trust
London,R1H0A,Nightingale Hospital London
London,R1K,London North West University Healthcare NHS Trust
London,RAL,Royal Free London NHS Foundation Trust
London,RAN,Royal National Orthopaedic Hospital NHS Trust
London,RAP,North Middlesex University Hospital NHS Trust
London,RAS,The Hillingdon Hospitals NHS Foundation Trust
London,RAT,North East London NHS Foundation Trust
London,RAX,Kingston Hospital NHS Foundation Trust
London,RF4,"Barking, Havering And Redbridge University Hospitals NHS Trust"
London,RJ1,Guy's And St Thomas' NHS Foundation Trust
London,RJ2,Lewisham And Greenwich NHS Trust
London,RJ6,Croydon Health Services NHS Trust
London,RJ7,St George's University Hospitals NHS Foundation Trust
London,RJZ,King's College Hospital NHS Foundation Trust
London,RKE,Whittington Health NHS Trust
London,RKL,West London NHS Trust
London,RNK,Tavistock And Portman NHS Foundation Trust
London,RP4,Great Ormond Street Hospital For Children NHS Foundation Trust
London,RP6,Moorfields Eye Hospital NHS Foundation Trust
London,RPG,Oxleas NHS Foundation Trust
London,RPY,The Royal Marsden NHS Foundation Trust
London,RQM,Chelsea And Westminster Hospital NHS Foundation Trust
London,RQX,Homerton University Hospital NHS Foundation Trust
London,RQY,South West London And St George's Mental Health NHS Trust
London,RRP,"Barnet, Enfield And Haringey Mental Health NHS Trust"
London,RRV,University College London Hospitals NHS Foundation Trust
London,RT3,Royal Brompton & Harefield NHS Foundation Trust
London,RV3,Central And North West London NHS Foundation Trust
London,RV5,South London And Maudsley NHS Foundation Trust
London,RVR,Epsom And St Helier University Hospitals NHS Trust
London,RWK,East London NHS Foundation Trust
London,RY9,Hounslow And Richmond Community Healthcare NHS Trust
London,RYJ,Imperial College Healthcare NHS Trust
London,RYX,Central London Community Healthcare NHS Trust
London,TAF,Camden And Islington NHS Foundation Trust
Midlands,ATM01,Newbridge Care Systems
Midlands,AX401,The Hospital Group - Dolan Park Hospital
Midlands,DE826,Farndon Unit
Midlands,DE875,Cotswold Spa
Midlands,NFJ06,Broomhill
Midlands,NFJ09,The Dallingtons
Midlands,NMJ07,Cygnet Hospital Derby
Midlands,NMJ0F,Cedar Vale Hospital
Midlands,NMJ0Y,Wast Hills Hospital
Midlands,NMJ25,Cygnet Hospital Coventry
Midlands,NMJ28,Cygnet Elms
Midlands,NMJ29,Cygnet Raglan House
Midlands,NMJ30,Cygnet Heathers
Midlands,NMJ31,Cygnet Cedars
Midlands,NMJ46,Cygnet Views
Midlands,NMJ47,Cygnet Storthfield House
Midlands,NMJ71,Cygnet Hospital Clifton
Midlands,NMJ75,Cygnet Manor
Midlands,NMJ77,Cygnet Sherwood House
Midlands,NMJ86,Cygnet Acer Clinic
Midlands,NMJ98,Cygnet St. Augustine's
Midlands,NR3,Nottingham CityCare Partnership
Midlands,NT213,"Nuffield Health, Derby Hospital"
Midlands,NT219,"Nuffield Health, Hereford Hospital"
Midlands,NT224,"Nuffield Health, Warwickshire Hospital"
Midlands,NT226,"Nuffield Health, Leicester Hospital"
Midlands,NT230,"Nuffield Health, North Staffordshire Hospital"
Midlands,NT235,"Nuffield Health, Shrewsbury Hospital"
Midlands,NT242,"Nuffield Health, Wolverhampton Hospital"
Midlands,NT301,Spire South Bank Hospital
Midlands,NT30A,Spire Nottingham Hospital
Midlands,NT320,Spire Parkway Hospital
Midlands,NT321,Spire Little Aston Hospital
Midlands,NT322,Spire Leicester Hospital
Midlands,NT412,BMI - The Droitwich Spa Hospital
Midlands,NT424,BMI - The Meriden Hospital
Midlands,NT427,BMI - The Park Hospital
Midlands,NT429,BMI - The Priory Hospital
Midlands,NT441,BMI - Three Shires Hospital
Midlands,NT445,BMI The Edgbaston Hospital
Midlands,NT450,BMI The Lincoln Hospital
Midlands,NTP13,Barlborough NHS Treatment Centre
Midlands,NV203,The Huntercombe Hospital - Stafford
Midlands,NV213,Ashley House Hospital
Midlands,NV241,The Huntercombe Centre Birmingham
Midlands,NV246,The Huntercombe Hospital - Cotswold Spa
Midlands,NVC17,Rowley Hall Hospital
Midlands,NVC21,West Midlands Hospital
Midlands,NVC23,Woodland Hospital
Midlands,NVC27,Boston West Hospital
Midlands,NVC40,Woodthorpe Hospital
Midlands,NVC44,The Westbourne Centre
Midlands,NYA01,St Andrew's Healthcare - Northampton
Midlands,NYA03,St Andrew's Healthcare - Birmingham
Midlands,NYA04,St Andrew's Healthcare Nottinghamshire
Midlands,R1A,Worcestershire Health And Care NHS Trust
Midlands,R1D,Shropshire Community Health NHS Trust
Midlands,RBK,Walsall Healthcare NHS Trust
Midlands,RFS,Chesterfield Royal Hospital NHS Foundation Trust
Midlands,RHA,Nottinghamshire Healthcare NHS Foundation Trust
Midlands,RJC,South Warwickshire NHS Foundation Trust
Midlands,RJE,University Hospitals Of North Midlands NHS Trust
Midlands,RK5,Sherwood Forest Hospitals NHS Foundation Trust
Midlands,RKB,University Hospitals Coventry And Warwickshire NHS Trust
Midlands,RL1,The Robert Jones And Agnes Hunt Orthopaedic Hospital NHS Foundation Trust
Midlands,RL4,The Royal Wolverhampton NHS Trust
Midlands,RLQ,Wye Valley NHS Trust
Midlands,RLT,George Eliot Hospital NHS Trust
Midlands,RLY,North Staffordshire Combined Healthcare NHS Trust
Midlands,RNA,The Dudley Group NHS Foundation Trust
Midlands,RNQ,Kettering General Hospital NHS Foundation Trust
Midlands,RNS,Northampton General Hospital NHS Trust
Midlands,RP1,Northamptonshire Healthcare NHS Foundation Trust
Midlands,RP7,Lincolnshire Partnership NHS Foundation Trust
Midlands,RQ3,Birmingham Women's And Children's NHS Foundation Trust
Midlands,RRE,Midlands Partnership NHS Foundation Trust
Midlands,RRJ,The Royal Orthopaedic Hospital NHS Foundation Trust
Midlands,RRK,University Hospitals Birmingham NHS Foundation Trust
Midlands,RRKE6,NHS Nightingale Hospital Birmingham
Midlands,RT5,Leicestershire Partnership NHS Trust
Midlands,RTG,University Hospitals Of Derby And Burton NHS Foundation Trust
Midlands,RWD,United Lincolnshire Hospitals NHS Trust
Midlands,RWE,University Hospitals Of Leicester NHS Trust
Midlands,RWP,Worcestershire Acute Hospitals NHS Trust
Midlands,RX1,Nottingham University Hospitals NHS Trust
Midlands,RXK,Sandwell And West Birmingham Hospitals NHS Trust
Midlands,RXM,Derbyshire Healthcare NHS Foundation Trust
Midlands,RXT,Birmingham And Solihull Mental Health NHS Foundation Trust
Midlands,RXW,Shrewsbury And Telford Hospital NHS Trust
Midlands,RY5,Lincolnshire Community Health Services NHS Trust
Midlands,RY8,Derbyshire Community Health Services NHS Foundation Trust
Midlands,RYG,Coventry And Warwickshire Partnership NHS Trust
Midlands,RYW,Birmingham Community Healthcare NHS Foundation Trust
Midlands,TAJ,Black Country Healthcare NHS Foundation Trust
North East and Yorkshire,ATM02,Schoen Clinic York
North East and Yorkshire,DE824,Spring Wood Lodge
North East and Yorkshire,DRH01,Kinvara Private Hospital
North East and Yorkshire,NL1,Spectrum Community Health - C.I.C.
North East and Yorkshire,NL3,Care Plus Group
North East and Yorkshire,NL8,Locala Community Partnerships C.I.C.
North East and Yorkshire,NMJ02,Cygnet Hospital Bierley
North East and Yorkshire,NMJ06,Cygnet Lodge Brighouse
North East and Yorkshire,NMJ09,Cygnet Hospital Harrogate
North East and Yorkshire,NMJ12,Cygnet Hospital Wyke
North East and Yorkshire,NMJ23,Cygnet Hospital Sheffield
North East and Yorkshire,NMJ50,Cygnet Appletree
North East and Yorkshire,NMJ90,Cygnet Oaks
North East and Yorkshire,NNF,City Health Care Partnership C.I.C.
North East and Yorkshire,NNH02,Optegra Yorkshire Eye Hospital
North East and Yorkshire,NQL,Navigo Health And Social Care C.I.C.
North East and Yorkshire,NRN,Cheswold Park Hospital
North East and Yorkshire,NRR8,NHS Nightingale Hospital Yorkshire And The Humber Trust
North East and Yorkshire,NT225,"Nuffield Health, Leeds Hospital"
North East and Yorkshire,NT229,"Nuffield Health, Newcastle Upon Tyne Hospital"
North East and Yorkshire,NT237,"Nuffield Health, Tees Hospital"
North East and Yorkshire,NT245,"Nuffield Health, York Hospital"
North East and Yorkshire,NT332,Spire Leeds Hospital
North East and Yorkshire,NT333,Spire Washington Hospital
North East and Yorkshire,NT348,Spire Elland Hospital
North East and Yorkshire,NT350,Spire Methley Park Hospital
North East and Yorkshire,NT351,Spire Hull And East Riding Hospital
North East and Yorkshire,NT440,BMI - Thornbury Hospital
North East and Yorkshire,NT447,BMI The Duchy Hospital
North East and Yorkshire,NT448,BMI The Huddersfield Hospital
North East and Yorkshire,NT457,BMI Woodlands Hospital
North East and Yorkshire,NTE02,St Hugh's Hospital
North East and Yorkshire,NVC0R,Tees Valley Hospital
North East and Yorkshire,NVC14,Park Hill Hospital
North East and Yorkshire,NVC20,The Yorkshire Clinic
North East and Yorkshire,NVC28,Clifton Park Hospital
North East and Yorkshire,NVC29,Cobalt Hospital
North East and Yorkshire,NYW04,Aspen - Claremont Hospital
North East and Yorkshire,NYW25,Aspen - Nova Healthcare
North East and Yorkshire,R0B,South Tyneside And Sunderland NHS Foundation Trust
North East and Yorkshire,RAE,Bradford Teaching Hospitals NHS Foundation Trust
North East and Yorkshire,RCB,York Teaching Hospital NHS Foundation Trust
North East and Yorkshire,RCD,Harrogate And District NHS Foundation Trust
North East and Yorkshire,RCF,Airedale NHS Foundation Trust
North East and Yorkshire,RCU,Sheffield Children's NHS Foundation Trust
North East and Yorkshire,RFF,Barnsley Hospital NHS Foundation Trust
North East and Yorkshire,RFR,The Rotherham NHS Foundation Trust
North East and Yorkshire,RGD,Leeds And York Partnership NHS Foundation Trust
North East and Yorkshire,RHQ,Sheffield Teaching Hospitals NHS Foundation Trust
North East and Yorkshire,RJL,Northern Lincolnshire And Goole NHS Foundation Trust
North East and Yorkshire,RNN,North Cumbria Integrated Care NHS Foundation Trust
North East and Yorkshire,RP5,Doncaster And Bassetlaw Teaching Hospitals NHS Foundation Trust
North East and Yorkshire,RR7,Gateshead Health NHS Foundation Trust
North East and Yorkshire,RR8,Leeds Teaching Hospitals NHS Trust
North East and Yorkshire,RR805,NHS Nightingale Hospital Yorkshire And The Humber
North East and Yorkshire,RTD,The Newcastle Upon Tyne Hospitals NHS Foundation Trust
North East and Yorkshire,RTF,Northumbria Healthcare NHS Foundation Trust
North East and Yorkshire,RTR,South Tees Hospitals NHS Foundation Trust
North East and Yorkshire,RV9,Humber Teaching NHS Foundation Trust
North East and Yorkshire,RVW,North Tees And Hartlepool NHS Foundation Trust
North East and Yorkshire,RWA,Hull University Teaching Hospitals NHS Trust
North East and Yorkshire,RWY,Calderdale And Huddersfield NHS Foundation Trust
North East and Yorkshire,RX3,"Tees, Esk And Wear Valleys NHS Foundation Trust"
North East and Yorkshire,RX4,"Cumbria, Northumberland, Tyne And Wear NHS Foundation Trust"
North East and Yorkshire,RXE,Rotherham Doncaster And South Humber NHS Foundation Trust
North East and Yorkshire,RXF,Mid Yorkshire Hospitals NHS Trust
North East and Yorkshire,RXG,South West Yorkshire Partnership NHS Foundation Trust
North East and Yorkshire,RXP,County Durham And Darlington NHS Foundation Trust
North East and Yorkshire,RY6,Leeds Community Healthcare NHS Trust
North East and Yorkshire,TAD,Bradford District Care NHS Foundation Trust
North East and Yorkshire,TAH,Sheffield Health & Social Care NHS Foundation Trust
North West,AY001,Tfhc Ltd
North West,DC807,Fairfield Independent Hospital
North West,DE802,Arbury Court
North West,NMJ22,Cygnet Hospital Bury
North West,NT210,"Nuffield Health, The Grosvenor Hospital, Chester"
North West,NT324,Spire Cheshire Hospital
North West,NT325,Spire Murrayfield Hospital
North West,NT327,Spire Manchester Hospital
North West,NT337,Spire Liverpool Hospital
North West,NT339,Spire Regency Hospital
North West,NT347,Spire Fylde Coast Hospital
North West,NT401,BMI - The Alexandra Hospital
North West,NT403,BMI - The Beardwood Hospital
North West,NT404,BMI - The Beaumont Hospital
North West,NT420,BMI - The Highfield Hospital
North West,NT449,BMI The Lancaster Hospital
North West,NT497,BMI Gisburne Park Hospital
North West,NV201,The Huntercombe Hospital - Maidenhead
North West,NVC05,Euxton Hall Hospital
North West,NVC07,Fulwood Hall Hospital
North West,NVC12,Oaklands Hospital
North West,NVC16,Renacres Hospital
North West,NW612,HCA - 52 Alderley Road
North West,NW616,The Christie Clinic
North West,R0A,Manchester University NHS Foundation Trust
North West,R0A90,NHS Nightingale Hospital North West
North West,RBL,Wirral University Teaching Hospital NHS Foundation Trust
North West,RBN,St Helens And Knowsley Teaching Hospitals NHS Trust
North West,RBQ,Liverpool Heart And Chest Hospital NHS Foundation Trust
North West,RBS,Alder Hey Children's NHS Foundation Trust
North West,RBT,Mid Cheshire Hospitals NHS Foundation Trust
North West,RBV,The Christie NHS Foundation Trust
North West,REM,Liverpool University Hospitals NHS Foundation Trust
North West,REN,The Clatterbridge Cancer Centre NHS Foundation Trust
North West,REP,Liverpool Women's NHS Foundation Trust
North West,RET,The Walton Centre NHS Foundation Trust
North West,RJN,East Cheshire NHS Trust
North West,RJR,Countess Of Chester Hospital NHS Foundation Trust
North West,RM3,Salford Royal NHS Foundation Trust
North West,RMC,Bolton NHS Foundation Trust
North West,RMP,Tameside And Glossop Integrated Care NHS Foundation Trust
North West,RRF,"Wrightington, Wigan And Leigh NHS Foundation Trust"
North West,RT2,Pennine Care NHS Foundation Trust
North West,RTV,North West Boroughs Healthcare NHS Foundation Trust
North West,RTX,University Hospitals Of Morecambe Bay NHS Foundation Trust
North West,RVY,Southport And Ormskirk Hospital NHS Trust
North West,RW4,Mersey Care NHS Foundation Trust
North West,RW5,Lancashire & South Cumbria NHS Foundation Trust
North West,RW6,Pennine Acute Hospitals NHS Trust
North West,RWJ,Stockport NHS Foundation Trust
North West,RWW,Warrington And Halton Teaching Hospitals NHS Foundation Trust
North West,RXA,Cheshire And Wirral Partnership NHS Foundation Trust
North West,RXL,Blackpool Teaching Hospitals NHS Foundation Trust
North West,RXN,Lancashire Teaching Hospitals NHS Foundation Trust
North West,RXR,East Lancashire Hospitals NHS Trust
North West,RXV,Greater Manchester Mental Health NHS Foundation Trust
North West,RY2,Bridgewater Community Healthcare NHS Foundation Trust
North West,RY7,Wirral Community Health And Care NHS Foundation Trust
South East,8CM63,St Magnus Hospital
South East,ADP02,Kims Hospital (Newnham Court)
South East,AVQ01,One Ashford Hospital
South East,DX101,The New Foscote Hospital (Foscote Hospital)
South East,NDJ,First Community Health And Care C.I.C.
South East,NMJ01,Cygnet Hospital Godden Green
South East,NMJ24,Cygnet Hospital Woking
South East,NMJ26,Cygnet Hospital Maidstone
South East,NN801,Spencer Private Hospitals - Margate
South East,NN802,Spencer Private Hospitals - Ashford
South East,NQ7,Medway Community Healthcare
South East,NT205,"Nuffield Health, Brighton Hospital"
South East,NT212,"Nuffield Health, Chichester Hospital"
South East,NT214,"Nuffield Health, Wessex Hospital"
South East,NT216,"Nuffield Health, Guildford Hospital"
South East,NT218,"Nuffield Health, Haywards Heath Hospital"
South East,NT239,"Nuffield Health, Tunbridge Wells Hospital"
South East,NT241,"Nuffield Health, Woking Hospital"
South East,NT244,Nuffield Hospital Oxford (The Manor)
South East,NT304,Spire Southampton Hospital
South East,NT305,Spire Portsmouth Hospital
South East,NT308,Spire Gatwick Park Hospital
South East,NT309,Spire Sussex Hospital
South East,NT310,Spire Tunbridge Wells Hospital
South East,NT312,Spire Alexandra Hospital
South East,NT343,Spire Thames Valley Hospital
South East,NT344,Spire Dunedin Hospital
South East,NT345,Spire Clare Park Hospital
South East,NT364,Spire Montefiore Hospital
South East,NT408,BMI - The Chaucer Hospital
South East,NT410,BMI - The Chiltern Hospital
South East,NT417,BMI - Goring Hall Hospital
South East,NT418,BMI - The Hampshire Clinic
South East,NT428,BMI - The Princess Margaret Hospital
South East,NT431,BMI - The Runnymede Hospital
South East,NT433,BMI - Sarum Road Hospital
South East,NT435,BMI - The Shelburne Hospital
South East,NT455,BMI Mount Alvernia Hospital
South East,NTP11,Southampton NHS Treatment Centre
South East,NTP16,Will Adams NHS Treatment Centre
South East,NTPAD,St Mary's NHS Treatment Centre
South East,NTV,Csh Surrey
South East,NV217,Cedar House Hospital
South East,NV323,Circle Reading Hospital
South East,NVC01,Ashtead Hospital
South East,NVC02,The Berkshire Independent Hospital
South East,NVC11,North Downs Hospital
South East,NVC25,Horton NHS Treatment Centre
South East,NWF01,Benenden Hospital
South East,NXM01,The Horder Centre - St Johns Road
South East,NXM04,The Mcindoe Centre
South East,R1C,Solent NHS Trust
South East,R1F,Isle Of Wight NHS Trust
South East,RA2,Royal Surrey County Hospital NHS Foundation Trust
South East,RDR,Sussex Community NHS Foundation Trust
South East,RDU,Frimley Health NHS Foundation Trust
South East,RHM,University Hospital Southampton NHS Foundation Trust
South East,RHU,Portsmouth Hospitals NHS Trust
South East,RHW,Royal Berkshire NHS Foundation Trust
South East,RN5,Hampshire Hospitals NHS Foundation Trust
South East,RN7,Dartford And Gravesham NHS Trust
South East,RNU,Oxford Health NHS Foundation Trust
South East,RPA,Medway NHS Foundation Trust
South East,RPC,Queen Victoria Hospital NHS Foundation Trust
South East,RTH,Oxford University Hospitals NHS Foundation Trust
South East,RTK,Ashford And St Peter's Hospitals NHS Foundation Trust
South East,RTP,Surrey And Sussex Healthcare NHS Trust
South East,RVV,East Kent Hospitals University NHS Foundation Trust
South East,RW1,Southern Health NHS Foundation Trust
South East,RWF,Maidstone And Tunbridge Wells NHS Trust
South East,RWX,Berkshire Healthcare NHS Foundation Trust
South East,RX2,Sussex Partnership NHS Foundation Trust
South East,RXC,East Sussex Healthcare NHS Trust
South East,RXH,Brighton And Sussex University Hospitals NHS Trust
South East,RXQ,Buckinghamshire Healthcare NHS Trust
South East,RXX,Surrey And Borders Partnership NHS Foundation Trust
South East,RXY,Kent And Medway NHS And Social Care Partnership Trust
South East,RYR,Western Sussex Hospitals NHS Foundation Trust
South East,RYY,Kent Community Health NHS Foundation Trust
South West,AXG,Wiltshire Health & Care
South West,DE809,Wellesley
South West,NLT,North Somerset Community Partnership Community Interest Company
South West,NLX,Sirona Care & Health
South West,NMJ03,Cygnet Hospital Kewstoke
South West,NMJ20,Cygnet Hospital Taunton
South West,NMJ56,Cygnet Alders Clinic
South West,NR5,Livewell Southwest
South West,NT202,"Nuffield Health, Bournemouth Hospital"
South West,NT206,"Nuffield Health, Bristol Hospital (Chesterfield)"
South West,NT211,"Nuffield Health, Cheltenham Hospital"
South West,NT215,"Nuffield Health, Exeter Hospital"
South West,NT233,"Nuffield Health, Plymouth Hospital"
South West,NT238,"Nuffield Health, Taunton Hospital"
South West,NT302,Spire Bristol Hospital
South West,NT402,BMI - Bath Clinic
South West,NT419,BMI - The Harbour Hospital
South West,NT430,BMI - The Ridgeway Hospital
South West,NT443,BMI - The Winterbourne Hospital
South West,NTPH1,Shepton Mallet NHS Treatment Centre
South West,NTPH2,Emersons Green NHS Treatment Centre
South West,NTPH3,Devizes NHS Treatment Centre
South West,NTPH5,Peninsula NHS Treatment Centre
South West,NV302,Circle Bath Hospital
South West,NVC04,Duchy Hospital
South West,NVC08,Mount Stuart Hospital
South West,NVC09,New Hall Hospital
South West,NVC0Y,Exeter Medical
South West,NVC22,Winfield Hospital
South West,R0D,University Hospitals Dorset NHS Foundation Trust
South West,RA4,Yeovil District Hospital NHS Foundation Trust
South West,RA7,University Hospitals Bristol And Weston NHS Foundation Trust
South West,RA9,Torbay And South Devon NHS Foundation Trust
South West,RBD,Dorset County Hospital NHS Foundation Trust
South West,RBZ,Northern Devon Healthcare NHS Trust
South West,RD1,Royal United Hospitals Bath NHS Foundation Trust
South West,RD3,Poole Hospital NHS Foundation Trust
South West,RDY,Dorset Healthcare University NHS Foundation Trust
South West,RDZ,The Royal Bournemouth And Christchurch Hospitals NHS Foundation Trust
South West,REF,Royal Cornwall Hospitals NHS Trust
South West,RH5,Somerset NHS Foundation Trust
South West,RH8,Royal Devon And Exeter NHS Foundation Trust
South West,RH8K6,NHS Nightingale Hospital Exeter
South West,RJ8,Cornwall Partnership NHS Foundation Trust
South West,RK9,University Hospitals Plymouth NHS Trust
South West,RN3,Great Western Hospitals NHS Foundation Trust
South West,RNZ,Salisbury NHS Foundation Trust
South West,RTE,Gloucestershire Hospitals NHS Foundation Trust
South West,RTQ,Gloucestershire Health And Care NHS Foundation Trust
South West,RVJ,North Bristol NHS Trust
South West,RVN,Avon And Wiltshire Mental Health Partnership NHS Trust
South West,RWV,Devon Partnership NHS Trust
